key,description,he,en
common.close,Generic close button/label used in dialogs,לסגור,
common.back_to_list,Back button inside the table of contents detail view,חזרה לרשימה,
app.title,Game title shown in the header on every screen,כלל ראשון,
app.chapter_progress,"Header progress indicator. {chapter}=chapter number, {n}=current situation number, {total}=situations in the chapter",פרק {chapter} · מצב {n} מתוך {total},
app.toc_button,Header button that opens the table of contents,תוכן העניינים,
app.rulebook_button,Header button that opens the rule book (also its dialog title),ספר הכללים,
app.intro_continue,Button on the chapter intro screen,להתחיל,
app.scene_continue,"Button after reading a scene, before deciding what to do",אז מה עושים,
app.decide.write_rule_intro,Shown when no rule covers the situation and the child can write one,אין שום כלל שנוגע בזה. אתה יכול לכתוב אחד עכשיו — והוא יישאר בספר.,
app.decide.rule_applies_intro,Shown when an existing rule the child wrote applies to this situation,יש כלל בספר שחל על זה. אתה כתבת אותו.,
app.decide.apply_rule,Button to apply the existing rule as written,להפעיל את הכלל,
app.decide.override_rule,Button to go against the rule that applies this time,להחליט אחרת הפעם,
app.decide.collision_intro,Shown when two of the child's own rules contradict each other for this case,"שני כללים שכתבת חלים כאן, והם אומרים דברים הפוכים.",
app.decide.collision_first_time_note,One-time explanatory note shown the first time a field collision happens,לפעמים רואים מראש שכלל חדש מתנגש בישן. לפעמים מגלים רק כשזה כבר קרה למישהו.,
app.decide.no_rule_intro,Shown when no rule applies and the situation doesn't invite writing one,אין בספר שום כלל שנוגע בזה. אף אחד לא כתב אחד בזמנו.,
app.decide.continue,Continue button on the no-rule-applies screen,להמשיך,
app.outcome.continue,Continue button after reading the outcome of a decision,ואז,
app.lesson.next,"Continue button after the lesson, more situations remain",הלאה,
app.lesson.close_chapter,"Continue button after the lesson, on the chapter's last situation",לסגור את הפרק,
app.opener.comes_to_you,How a group's approach is described when it trusts the child fully. {group}=group name,"{group} באו אליך ראשונים, וסיפרו הכול.",
app.opener.comes_but,How a group's approach is described at medium trust. {group}=group name,"{group} התלבטו לפני שבאו, וסיפרו רק חלק.",
app.opener.stops_coming,How a group's approach is described at low trust. {group}=group name,"{group} לא באו לספר לך. שמעת על זה אחר כך, ממישהו אחר.",
rulebook.close_aria,Accessible label for the scrim button that closes the rule book,לסגור את הספר,
rulebook.empty,Shown when no rules have been written yet,הספר ריק. בכפר הזה עוד לא כתבו אף כלל.,
rulebook.rule_number,Numbered label before each rule in the book. {n}=1-based index,כלל {n},
toc.not_reached,"Marker next to a situation the child hasn't reached yet, disabled in the list",(עוד לא הגעת),
about.title,Title of the screen shown before the village opens,"הכפר, לפני שנכנסים",
about.village_text,Intro paragraph introducing the village on the about screen,"כפר קטן, בלי חומה ובלי שער. שש קבוצות גרות בו, חוץ מאחת שרק עוברת דרכו — ולכל אחת יש דבר אחר שמטריד אותה.",
about.me_text,"Paragraph explaining the child's own role, on the about screen","אף אחד לא מינה אותך לשום דבר. אין לך תואר, ואין שום דבר שמונע ממישהו אחר בכפר לעשות בדיוק את מה שאתה עושה. אתה פשוט מי שכולם באים אליו כשמשהו נתקע — וזה יימשך רק כל עוד הם ממשיכים לבוא.",
about.enter_village,Button that leaves the about screen and enters the village,להיכנס לכפר,
village.groups.vatikim.label,Name of the veterans group,הוותיקים,
village.groups.vatikim.blurb,One-line description of what the veterans group cares about,"היו כאן ראשונים, ומרגישים שמגיע להם קודם",
village.groups.hadashim.label,Name of the newcomers group,החדשים,
village.groups.hadashim.blurb,One-line description of what the newcomers group cares about,"הגיעו לא מזמן, ואין להם עדיין כלום מוסכם",
village.groups.roim.label,Name of the shepherds group,הרועים,
village.groups.roim.blurb,One-line description of what the shepherds group cares about,"צריכים שטח ומים, ונעים בין המקומות",
village.groups.banaim.label,Name of the builders group,הבנאים,
village.groups.banaim.blurb,One-line description of what the builders group cares about,"רוצים לשנות דברים, ומהר",
village.groups.yeladim.label,Name of the children group,הילדים,
village.groups.yeladim.blurb,One-line description of what the children group cares about,אף אחד לא שואל אותם,
village.groups.ovrim.label,"Name of the passers-through group (non-residents, no vote)",העוברים,
village.groups.ovrim.blurb,One-line description of the passers-through group,לא גרים כאן. רק עוברים,
rights.protections.kinyan,Protection name: property,קניין,
rights.protections.bitui,Protection name: expression,ביטוי,
rights.protections.shivyon,Protection name: equality before the law,שוויון בפני החוק,
rights.protections.machse,Protection name: shelter,מחסה,
rights.protections.halich,Protection name: due process (hearing both sides),הליך הוגן,
rights.protections.shayachut,Protection name: belonging,שייכות,
rights.states.intact,Protection state: untouched,שלמה,
rights.states.strained,Protection state: strained by a rule,מתוחה,
rights.states.broken,Protection state: actually taken away from someone,שבורה,
builder.subject_prefix,Prefix above the assembling rule sentence. {subject}=the subject noun in its plain form,"הכלל שאתה כותב, על {subject}",
builder.blank_who,Placeholder shown in the assembling sentence before the WHO field is picked,מי,
builder.blank_what,Placeholder shown in the assembling sentence before the WHAT field is picked,מה,
builder.blank_when,Placeholder shown in the assembling sentence before the WHEN field is picked,מתי,
builder.blank_consequence,Placeholder shown in the assembling sentence before the CONSEQUENCE field is picked,ואם לא,
builder.when_connector,Connector word inserted before the WHEN clause in the assembled sentence,אם לא — ,
builder.legend_who,Field legend: who the rule applies to,על מי זה חל,
builder.legend_group,"Field legend: which group, shown only when WHO needs a specific group",איזו קבוצה,
builder.legend_what,Field legend: what the rule requires,מה,
builder.legend_when,Field legend: when the rule applies,מתי,
builder.legend_consequence,Field legend: what happens if the rule isn't followed,ואם לא,
builder.clash_intro,Shown when the drafted rule textually contradicts one already written,זה לא יכול לחיות יחד עם כלל שכבר כתבת:,
builder.clash_note,Explains that writing a contradicting rule anyway is allowed,"אפשר לכתוב אותו בכל זאת. שני הכללים יישארו בספר, ומישהו יצטרך להחליט איזה מהם עובד.",
builder.write,Button that commits the drafted rule to the book,לכתוב את זה בספר,
builder.skip,Button to skip writing a rule this time,לא לכתוב כלל הפעם,
builder.who.residents,WHO option: people who live in the village,מי שגר בכפר,
builder.who.anyone_present,WHO option: anyone present right now,כל מי שנמצא כאן עכשיו,
builder.who.group,WHO option: a specific group,קבוצה מסוימת,
builder.who.everyone_except,WHO option: everyone except a group,כולם חוץ מ־,
builder.what.ask_first,WHAT option: must ask before taking,אסור לקחת בלי לבקש,
builder.what.forbidden,WHAT option: forbidden entirely,אסור בכלל,
builder.what.by_turn,"WHAT option: allowed, but by turn","מותר, אבל לפי תור",
builder.what.share_equally,WHAT option: must share equally,חייבים לחלוק שווה,
builder.when.always,WHEN option: always,תמיד,
builder.when.when_scarce,WHEN option: only when there isn't enough for everyone,רק כשאין מספיק לכולם,
builder.when.when_harmed,WHEN option: only if someone is harmed by it,רק אם מישהו נפגע מזה,
builder.when.first_time_forgiven,WHEN option: forgiven the first time,בפעם הראשונה סולחים,
builder.consequence.return_or_fix,CONSEQUENCE option: must return or fix,צריך להחזיר או לתקן,
builder.consequence.help_victim,CONSEQUENCE option: must help the victim one day,צריך לעזור לנפגע יום אחד,
builder.consequence.lose_next_turn,CONSEQUENCE option: loses the right to it next time,מפסיד את הזכות לזה בפעם הבאה,
builder.consequence.village_decides,CONSEQUENCE option: the village decides case by case,הכפר מחליט בכל מקרה לגופו,
chapter_end.subtitle,Small label above the chapter-end title,סוף פרק ראשון,
chapter_end.title,Chapter-end screen title,הכפר קורא את מה שכתבת,
chapter_end.no_rules,Shown when the child wrote no rules all chapter,"לא נכתב אף כלל. הכפר נשאר בדיוק כמו שהיה, וכל דבר הוכרע מחדש בכל פעם.",
chapter_end.left_out_heading,Heading over the list of harmed/strained protections,את מי הכללים האלה השאירו בחוץ,
chapter_end.no_harm,Shown when no protection was strained or broken this chapter,אף הגנה לא נשברה ולא נמתחה בפרק הזה.,
chapter_end.protection_prefix,Prefix before a protection's name in the harmed list. {protection}=protection name,הזכות ל{protection},
chapter_end.group_prefix,Prefix before the group a harmed protection belongs to. {group}=group name,— אצל {group},
chapter_end.protected_heading,Heading over the list of groups that left the chapter untouched,ואת מי הם הגנו,
chapter_end.protected_text,Sentence listing untouched groups. {groups}=comma-joined group names,{groups} יצאו מהפרק הזה עם כל ההגנות שלמות.,
chapter_end.closing_note,Closing note at the very end of the chapter-end screen,"זה הפרק הראשון. הכללים שכתבת נשארים בספר, והם ימשיכו לחול גם בפרקים הבאים — גם כשלא יתאים לך.",
chapter1.title,Chapter 1 title,אין כללים,
chapter1.intro,Chapter 1 intro screen text,"הגעת לכפר לפני שבוע. אין כאן ראש כפר, אין מועצה, ואין שום כלל כתוב. אף אחד לא מינה אותך לכלום. פשוט, כשמשהו נתקע, מתחילים לבוא אליך.",
chapter1.c1s1.title,Situation 1 title,הבאר של יותם,
chapter1.c1s1.text,Situation 1 scene text,"יותם חפר באר לפני שנים, לבד, והיא בקצה השדה שלו. הבוקר הוא ראה את דנה ממלאת ממנה דלי בשביל העדר. «היא אפילו לא שאלה», הוא אומר. דנה עומדת שם עם הדלי ולא מבינה מה הבעיה — «יש שם מים לכולם, ולעדר שלי נגמרו».",
chapter1.c1s1.lesson,"Situation 1 lesson, said after the outcome","עד עכשיו לא היה כאן שום כלל, ולכן לא היה גם מה להפר. ברגע שכתבת אחד, יש בכפר משהו שאפשר להצביע עליו — וזה עובד לשני הכיוונים.",
chapter1.c1s1.no_rule_outcome,Situation 1 outcome when no rule covers it,"לא החלטת כלום. דנה הולכת עם הדלי, יותם נשאר ליד הבאר. למחרת בבוקר הוא מגלגל עליה אבן גדולה.",
chapter1.c1s1.override_outcome,Situation 1 outcome when the child overrides their own applying rule,החלטת אחרת ממה שכתוב אצלך בספר. יותם מסתכל עליך ולא אומר כלום.,
chapter1.c1s1.outcomes.ask_first,Situation 1 outcome under an ask-first rule,"דנה מחזירה את הדלי ושואלת. יותם מהנהן, קצת מופתע שבכלל שאלו אותו. בערב הוא מספר לשניים אחרים שהיה כאן משהו שהוסדר.",
chapter1.c1s1.outcomes.forbidden,Situation 1 outcome under a forbidden rule,"דנה מרוקנת את הדלי בחזרה לבאר ומובילה את העדר משם. אחר הצהריים ראו אותה מחפשת מים בערוץ היבש, רחוק.",
chapter1.c1s1.outcomes.by_turn,Situation 1 outcome under a by-turn rule,"קבעתם סדר: יותם ראשון, אחר כך העדר. זה עובד. לוקח לכולם יותר זמן, ואף אחד לא נשאר בלי.",
chapter1.c1s1.outcomes.share_equally,Situation 1 outcome under a share-equally rule,"הבאר פתוחה לכולם בשווה. דנה ממלאת בלי לשאול, וגם עוד שניים אחריה. יותם עומד מהצד ומסתכל על הבאר שהוא חפר.",
chapter1.c1s2.title,Situation 2 title,הדוכן על השביל,
chapter1.c1s2.text,Situation 2 scene text,"ברק בנה דוכן עץ בדיוק על השביל הצר שיורד לבאר. הוא עשה את זה ביומיים, יפה, והוא גאה בזה. הילדים שיורדים לשאוב מים צריכים עכשיו להקיף מסביב לגבעה. שירה אומרת לך את זה בשקט, כי היא לא בטוחה שמותר להתלונן.",
chapter1.c1s2.lesson,"Situation 2 lesson, said after the outcome","שים לב מי סיפר לך על זה, ומי לא. ברק היה בטוח שמותר כי אף אחד לא אמר לו שאסור. הילדים לא אמרו כלום כי הם לא היו בטוחים שמישהו יקשיב.",
chapter1.c1s2.no_rule_outcome,Situation 2 outcome when no rule covers it,"הדוכן נשאר. הילדים מקיפים את הגבעה, וזה לוקח להם רבע שעה בכל כיוון. אחרי שבוע הם פשוט מפסיקים לרדת לבאר לבד.",
chapter1.c1s2.override_outcome,Situation 2 outcome when the child overrides their own applying rule,החלטת אחרת ממה שכתוב אצלך בספר. שירה שואלת אותך למה כתבת את זה בכלל.,
chapter1.c1s2.outcomes.ask_first,Situation 2 outcome under an ask-first rule,"ברק לא שאל אף אחד לפני שבנה, אז הוא מזיז את הדוכן שני מטרים הצידה. לוקח לו יום שלם. השביל חופשי.",
chapter1.c1s2.outcomes.forbidden,Situation 2 outcome under a forbidden rule,"הדוכן יורד. ברק מפרק אותו לבד, לוקח את הקרשים ולא אומר מילה. השביל חופשי לגמרי, וכלום לא ייבנה עליו יותר.",
chapter1.c1s2.outcomes.by_turn,Situation 2 outcome under a by-turn rule,"הדוכן פתוח רק בבקרים, ואחר הצהריים הוא מקופל והשביל פנוי. מסורבל, אבל שני הצדדים מקבלים משהו.",
chapter1.c1s2.outcomes.share_equally,Situation 2 outcome under a share-equally rule,"השביל שייך לכולם בשווה, אז הדוכן נשאר וגם המעבר נשאר — ברק מצמצם אותו לחצי. עכשיו הוא צר, אבל אפשר לעבור.",
chapter1.c1s3.title,Situation 3 title,שירה והעז,
chapter1.c1s3.text,Situation 3 scene text,"השבוע יבש. בבאר נשאר מעט, ויותם סימן עד איפה מותר לרדת. הבוקר שירה מילאה משם דלי בלי לשאול — העז שלה חולה כבר שלושה ימים ולא שותה מכלום אחר. זו לא הפעם הראשונה שהיא לוקחת. שירה היא זו שמביאה לך מים כל בוקר לפני שאתה בכלל קם.",
chapter1.c1s3.lesson,"Situation 3 lesson, said after the outcome","כלל הוא לא הבעת עמדה. הוא הבטחה, וההבטחה נבדקת בדיוק ברגע שבו לא נוח לקיים אותה.",
chapter1.c1s3.no_rule_outcome,Situation 3 outcome when no rule covers it,"אין שום כלל שנוגע בזה. שירה ממשיכה למלא, ויותם מפסיק לספור. עד סוף השבוע ארבעה אנשים לוקחים מתחת לסימן.",
chapter1.c1s3.override_outcome,Situation 3 outcome when the child overrides their own applying rule,"החלטת לא להפעיל את הכלל שלך הפעם. שירה מודה לך והולכת עם הדלי. יותם שותק, ואחר כך שואל בקול אם הכלל חל גם עליו או רק על מי שאתה בוחר.",
chapter1.c1s3.outcomes.ask_first,Situation 3 outcome under an ask-first rule,"הכלל שכתבת חל עליה. שירה מחזירה את המים ומבקשת רשות. יותם אומר לא — נשאר מעט. היא הולכת בלי להסתכל עליך, ומחר בבוקר לא מחכה לך שם דלי.",
chapter1.c1s3.outcomes.forbidden,Situation 3 outcome under a forbidden rule,"הכלל שכתבת חל עליה. לשירה אסור לגעת בבאר בכלל. היא לא מתווכחת. אחרי יומיים העז מתה, והיא לא מספרת לך.",
chapter1.c1s3.outcomes.by_turn,Situation 3 outcome under a by-turn rule,הכלל שכתבת חל עליה. שירה מחכה לתור שלה — שלושה ימים. היא מחכה. העז לא.,
chapter1.c1s3.outcomes.share_equally,Situation 3 outcome under a share-equally rule,"הכלל שכתבת חל עליה. מחלקים את מה שנשאר שווה בשווה, וגם שירה מקבלת. זה מספיק לעז, וזה לא מספיק לאף אחד אחר. יותם סופר בקול כמה נשאר.",
chapter1.c1s4.title,Situation 4 title,המחסה של מיכל,
chapter1.c1s4.text,Situation 4 scene text,"מיכל הגיעה לכפר לפני חודש וישנה מאז מתחת ליריעה. ברק אומר שהוא יכול לבנות לה מחסה עד סוף השבוע, אבל המקום היחיד שיש בו צל וקרקע ישרה הוא בדיוק על השביל. הוא בא לשאול אותך לפני שהוא מתחיל, וזה חדש — עד עכשיו הוא לא שאל.",
chapter1.c1s4.lesson,"Situation 4 lesson, said after the outcome","כלל נכתב תמיד בתוך מצב אחד, ואחר כך פוגש מצבים שלא חשבת עליהם. זה לא אומר שהוא היה כלל רע. זה אומר שכלל הוא דבר שחיים איתו.",
chapter1.c1s4.no_rule_outcome,Situation 4 outcome when no rule covers it,"אין כלל על השביל, אז ברק בונה. מיכל ישנה בפנים כבר בלילה הראשון. הילדים מקיפים שוב את הגבעה, ואף אחד לא שאל אותם.",
chapter1.c1s4.override_outcome,Situation 4 outcome when the child overrides their own applying rule,החלטת לא להפעיל את הכלל שלך הפעם. המחסה נבנה. שירה אומרת שכשזה היה הדוכן של ברק הכלל דווקא כן עבד.,
chapter1.c1s4.outcomes.ask_first,Situation 4 outcome under an ask-first rule,"ברק שאל, וזה בדיוק מה שהכלל דורש. אתם עומדים שלושתכם על השביל ומחליטים איפה בונים. המחסה עולה בקצה, והמעבר נשאר.",
chapter1.c1s4.outcomes.forbidden,Situation 4 outcome under a forbidden rule,"הכלל שכתבת אוסר לגעת בשביל, נקודה. ברק מוריד את הכלים. מיכל נשארת מתחת ליריעה, וכשיורד הגשם הראשון היא לא בכפר בבוקר.",
chapter1.c1s4.outcomes.by_turn,Situation 4 outcome under a by-turn rule,"מחסה זה לא דבר שאפשר לעשות בתורות. ברק בונה חצי, מפרק, ובונה שוב. אחרי שבוע הוא מוותר, ומיכל מקבלת גג חלקי.",
chapter1.c1s4.outcomes.share_equally,Situation 4 outcome under a share-equally rule,"השביל של כולם בשווה, אז המחסה עולה בצד אחד והמעבר נשאר בשני. צר, אבל שניהם קיימים.",
